official_website,official_birth_year,official_birth_city,official_birth_county,official_birth_state,official_birth_country,official_schema_url
https://www.warrenzeiders.com,,,,,,https://www.warrenzeiders.com
https://thestatlerbrothers.com/,1955.0,,,,,https://thestatlerbrothers.com/
http://www.ferlinhusky.com/,,,,,,http://www.ferlinhusky.com/
http://www.leroyvandyke.com/,,,,,,http://www.leroyvandyke.com/
http://www.thadcockrell.com,,,,,,http://www.thadcockrell.com
https://www.kyliemorgan.com/,,,,,,https://www.kyliemorgan.com/
https://oliveranthonymusic.com/,,,,,,https://oliveranthonymusic.com/
http://www.jimwhite.net/,,,,,,
https://www.lilliemaemusic.com/,,,,,,https://www.lilliemaemusic.com/
http://caryhudson.com,,,,,,http://caryhudson.com
http://www.daisydern.com,,,,,,
http://montgomerygentry.musiccitynetworks.com/,,,,,,
http://max-johnston.com/,,,,,,
http://www.joepurdy.com,,,,,,
http://davidgarciaofficial.com,,,,,,http://davidgarciaofficial.com
http://glensherley.com/,,,,,,
https://www.daleannbradley.com/,,,,,,https://www.daleannbradley.com/
http://loganbrill.com/,,,,,,
https://www.margocilkermusic.com/,,,,,,https://www.margocilkermusic.com/
http://arumrae.com/,,,,,,http://arumrae.com/
https://www.robynottolini.com,,,,,,https://www.robynottolini.com
https://mattlangmusic.com/fr/,,,,,,https://mattlangmusic.com/fr/
http://www.trickpony.com/,,,,,,http://www.trickpony.com/
http://www.theboxmasters.com/,,,,,,http://www.theboxmasters.com/
http://www.steelmagnoliamusic.com/,,,,,,
https://allinformaura.com/,,,,,,https://allinformaura.com/
http://www.luannehunt.com/,,,,,,http://www.luannehunt.com/
http://www.luketan.com,,,,,,http://www.luketan.com
http://johnmcnicholl.com/,,,,,,http://johnmcnicholl.com/
http://www.katemann.com/,,,,,,http://www.katemann.com/
http://www.theroadhammers.com/,,,,,,http://www.theroadhammers.com/
http://www.riograndband.com,,,,,,
http://www.laurel-and-hardy.com,,,,,,http://www.laurel-and-hardy.com
http://www.latamcargo.com/,,,,,,http://www.latamcargo.com/
https://www.jennydontandthespurs.com,,,,,,https://www.jennydontandthespurs.com
https://www.beyonca.com/en,,,,,,
http://www.thompsonsquare.com/,,,,,,http://www.thompsonsquare.com/
http://www.edensedge.com,,,,,,http://www.edensedge.com
http://www.eliyoung.net,,,,,,http://www.eliyoung.net
http://www.locashmusic.com/,,,,,,
http://www.thehenningsens.com/,,,,,,http://www.thehenningsens.com/
http://sundancehead.com/,,,,,,http://sundancehead.com/
http://www.thepiratesofthemississippi.com,,,,,,
http://www.baillieandtheboysmusic.com/index.php?p=home,,,,,,
https://www.paulmccartney.com/,,,,,,https://www.paulmccartney.com/
http://www.rcarecords.com,,,,,,http://www.rcarecords.com
