artist_id,name_primary,birth_name,stage_name,aliases,wikidata_qid,musicbrainz_mbid,isni,viaf_id,wikipedia_url,birth_year,birth_city,birth_county,birth_state,birth_state_abbr,birth_country,death_date,death_year,death_place_raw,citizenship,occupations,genres_raw,genres_normalized,country_relevance_score,instruments,member_of,record_labels,awards,official_website,birth_decade,us_macro_region,is_deceased,age_or_age_at_death,is_us_born,is_solo_person,is_country_core,is_country_broad,flag_restricted_sample,flag_expanded_sample,sample_membership,inclusion_reason,exclusion_reason,source_primary,source_secondary,source_seed,evidence_urls,source_count,birth_date_confidence,birth_place_confidence,genre_confidence,manual_review_needed,notes,name_key,in_songfile,in_country_restricted,in_country_master,in_adjacent_seed_pool,source_membership_count,artist_name_songfile_example,adjacent_genre_bucket,adjacent_source_group,core_union_flag,birth_admin_labels,wikipedia_categories,wp_birth_place_raw,wp_birth_year,wp_birth_date,birth_date,birth_place_raw,birth_country_raw
,"Eddy Arnold, The Tennessee Plowboy and His Guitar",,,,,,,,,,,,,,,,,,,,,,0,,,,,,,Unknown,0,,0,1,0,1,0,1,expanded_only,Billboard country year-end supplement,,Billboard country year-end chart,,Billboard country year-end supplement,,1,low,low,medium,1,Added from Billboard country year-end chart; structured artist metadata unresolved in current run,eddy arnold the tennessee plowboy and his guitar,0,0,0,0,0,,,billboard_country_year_end_supplement,0,,,,,,,,
,Red Foley and the Cumberland Valley Boys,,,,,,,,,,,,,,,,,,,,,,0,,,,,,,Unknown,0,,0,1,0,1,0,1,expanded_only,Billboard country year-end supplement,,Billboard country year-end chart,,Billboard country year-end supplement,,1,low,low,medium,1,Added from Billboard country year-end chart; structured artist metadata unresolved in current run,red foley and the cumberland valley boys,0,0,0,0,0,,,billboard_country_year_end_supplement,0,,,,,,,,
,"Margaret Whiting, Jimmy Wakely",,,,,,,,,,,,,,,,,,,,,,0,,,,,,,Unknown,0,,0,1,0,1,0,1,expanded_only,Billboard country year-end supplement,,Billboard country year-end chart,,Billboard country year-end supplement,,1,low,low,medium,1,Added from Billboard country year-end chart; structured artist metadata unresolved in current run,margaret whiting jimmy wakely,0,0,0,0,0,,,billboard_country_year_end_supplement,0,,,,,,,,
,Margaret Whiting and Jimmy Wakely,,,,,,,,,,,,,,,,,,,,,,0,,,,,,,Unknown,0,,0,1,0,1,0,1,expanded_only,Billboard country year-end supplement,,Billboard country year-end chart,,Billboard country year-end supplement,,1,low,low,medium,1,Added from Billboard country year-end chart; structured artist metadata unresolved in current run,margaret whiting and jimmy wakely,0,0,0,0,0,,,billboard_country_year_end_supplement,0,,,,,,,,
,"Red Foley, Ernest Tubb",,,,,,,,,,,,,,,,,,,,,,0,,,,,,,Unknown,0,,0,1,0,1,0,1,expanded_only,Billboard country year-end supplement,,Billboard country year-end chart,,Billboard country year-end supplement,,1,low,low,medium,1,Added from Billboard country year-end chart; structured artist metadata unresolved in current run,red foley ernest tubb,0,0,0,0,0,,,billboard_country_year_end_supplement,0,,,,,,,,
,Wilma Lee Cooper and Stoney Cooper,,,,,,,,,,,,,,,,,,,,,,0,,,,,,,Unknown,0,,0,1,0,1,0,1,expanded_only,Billboard country year-end supplement,,Billboard country year-end chart,,Billboard country year-end supplement,,1,low,low,medium,1,Added from Billboard country year-end chart; structured artist metadata unresolved in current run,wilma lee cooper and stoney cooper,0,0,0,0,0,,,billboard_country_year_end_supplement,0,,,,,,,,
,Adam Wakefield,,,,,,,,,,,,,,,,,,,,,,0,,,,,,,Unknown,0,,0,1,0,1,0,1,expanded_only,Billboard country year-end supplement,,Billboard country year-end chart,,Billboard country year-end supplement,,1,low,low,medium,1,Added from Billboard country year-end chart; structured artist metadata unresolved in current run,adam wakefield,0,0,0,0,0,,,billboard_country_year_end_supplement,0,,,,,,,,
,David Houston and Barbara Mandrell,,,,,,,,,,,,,,,,,,,,,,0,,,,,,,Unknown,0,,0,1,0,1,0,1,expanded_only,Billboard country year-end supplement,,Billboard country year-end chart,,Billboard country year-end supplement,,1,low,low,medium,1,Added from Billboard country year-end chart; structured artist metadata unresolved in current run,david houston and barbara mandrell,0,0,0,0,0,,,billboard_country_year_end_supplement,0,,,,,,,,
,"Kitty Wells, Red Foley",,,,,,,,,,,,,,,,,,,,,,0,,,,,,,Unknown,0,,0,1,0,1,0,1,expanded_only,Billboard country year-end supplement,,Billboard country year-end chart,,Billboard country year-end supplement,,1,low,low,medium,1,Added from Billboard country year-end chart; structured artist metadata unresolved in current run,kitty wells red foley,0,0,0,0,0,,,billboard_country_year_end_supplement,0,,,,,,,,
,Lewis Pruitt,,,,,,,,,,,,,,,,,,,,,,0,,,,,,,Unknown,0,,0,1,0,1,0,1,expanded_only,Billboard country year-end supplement,,Billboard country year-end chart,,Billboard country year-end supplement,,1,low,low,medium,1,Added from Billboard country year-end chart; structured artist metadata unresolved in current run,lewis pruitt,0,0,0,0,0,,,billboard_country_year_end_supplement,0,,,,,,,,
,Marshmello and Kane Brown,,,,,,,,,,,,,,,,,,,,,,0,,,,,,,Unknown,0,,0,1,0,1,0,1,expanded_only,Billboard country year-end supplement,,Billboard country year-end chart,,Billboard country year-end supplement,,1,low,low,medium,1,Added from Billboard country year-end chart; structured artist metadata unresolved in current run,marshmello and kane brown,0,0,0,0,0,,,billboard_country_year_end_supplement,0,,,,,,,,
,"Red Sovine, Webb Pierce",,,,,,,,,,,,,,,,,,,,,,0,,,,,,,Unknown,0,,0,1,0,1,0,1,expanded_only,Billboard country year-end supplement,,Billboard country year-end chart,,Billboard country year-end supplement,,1,low,low,medium,1,Added from Billboard country year-end chart; structured artist metadata unresolved in current run,red sovine webb pierce,0,0,0,0,0,,,billboard_country_year_end_supplement,0,,,,,,,,
,Simon Crum,,,,,,,,,,,,,,,,,,,,,,0,,,,,,,Unknown,0,,0,1,0,1,0,1,expanded_only,Billboard country year-end supplement,,Billboard country year-end chart,,Billboard country year-end supplement,,1,low,low,medium,1,Added from Billboard country year-end chart; structured artist metadata unresolved in current run,simon crum,0,0,0,0,0,,,billboard_country_year_end_supplement,0,,,,,,,,
,Tennessee Ernie,,,,,,,,,,,,,,,,,,,,,,0,,,,,,,Unknown,0,,0,1,0,1,0,1,expanded_only,Billboard country year-end supplement,,Billboard country year-end chart,,Billboard country year-end supplement,,1,low,low,medium,1,Added from Billboard country year-end chart; structured artist metadata unresolved in current run,tennessee ernie,0,0,0,0,0,,,billboard_country_year_end_supplement,0,,,,,,,,
,Tex Williams and The Western Caravan,,,,,,,,,,,,,,,,,,,,,,0,,,,,,,Unknown,0,,0,1,0,1,0,1,expanded_only,Billboard country year-end supplement,,Billboard country year-end chart,,Billboard country year-end supplement,,1,low,low,medium,1,Added from Billboard country year-end chart; structured artist metadata unresolved in current run,tex williams and the western caravan,0,0,0,0,0,,,billboard_country_year_end_supplement,0,,,,,,,,
,Wilma Lee and Stoney Cooper,,,,,,,,,,,,,,,,,,,,,,0,,,,,,,Unknown,0,,0,1,0,1,0,1,expanded_only,Billboard country year-end supplement,,Billboard country year-end chart,,Billboard country year-end supplement,,1,low,low,medium,1,Added from Billboard country year-end chart; structured artist metadata unresolved in current run,wilma lee and stoney cooper,0,0,0,0,0,,,billboard_country_year_end_supplement,0,,,,,,,,
,Adrian Roland,,,,,,,,,,,,,,,,,,,,,,0,,,,,,,Unknown,0,,0,1,0,1,0,1,expanded_only,Billboard country year-end supplement,,Billboard country year-end chart,,Billboard country year-end supplement,,1,low,low,medium,1,Added from Billboard country year-end chart; structured artist metadata unresolved in current run,adrian roland,0,0,0,0,0,,,billboard_country_year_end_supplement,0,,,,,,,,
,Alan Riddle[1][2],,,,,,,,,,,,,,,,,,,,,,0,,,,,,,Unknown,0,,0,1,0,1,0,1,expanded_only,Billboard country year-end supplement,,Billboard country year-end chart,,Billboard country year-end supplement,,1,low,low,medium,1,Added from Billboard country year-end chart; structured artist metadata unresolved in current run,alan riddle 1 2,0,0,0,0,0,,,billboard_country_year_end_supplement,0,,,,,,,,
,Andrews Sisters and Ernest Tubb,,,,,,,,,,,,,,,,,,,,,,0,,,,,,,Unknown,0,,0,1,0,1,0,1,expanded_only,Billboard country year-end supplement,,Billboard country year-end chart,,Billboard country year-end supplement,,1,low,low,medium,1,Added from Billboard country year-end chart; structured artist metadata unresolved in current run,andrews sisters and ernest tubb,0,0,0,0,0,,,billboard_country_year_end_supplement,0,,,,,,,,
,Anita Carter Hank Snow,,,,,,,,,,,,,,,,,,,,,,0,,,,,,,Unknown,0,,0,1,0,1,0,1,expanded_only,Billboard country year-end supplement,,Billboard country year-end chart,,Billboard country year-end supplement,,1,low,low,medium,1,Added from Billboard country year-end chart; structured artist metadata unresolved in current run,anita carter hank snow,0,0,0,0,0,,,billboard_country_year_end_supplement,0,,,,,,,,
,"Artists of Then, Now & Forever",,,,,,,,,,,,,,,,,,,,,,0,,,,,,,Unknown,0,,0,1,0,1,0,1,expanded_only,Billboard country year-end supplement,,Billboard country year-end chart,,Billboard country year-end supplement,,1,low,low,medium,1,Added from Billboard country year-end chart; structured artist metadata unresolved in current run,artists of then now and forever,0,0,0,0,0,,,billboard_country_year_end_supplement,0,,,,,,,,
,Bebe Rexha & Florida Georgia Line,,,,,,,,,,,,,,,,,,,,,,0,,,,,,,Unknown,0,,0,1,0,1,0,1,expanded_only,Billboard country year-end supplement,,Billboard country year-end chart,,Billboard country year-end supplement,,1,low,low,medium,1,Added from Billboard country year-end chart; structured artist metadata unresolved in current run,bebe rexha and florida georgia line,0,0,0,0,0,,,billboard_country_year_end_supplement,0,,,,,,,,
,Betty Foley[1],,,,,,,,,,,,,,,,,,,,,,0,,,,,,,Unknown,0,,0,1,0,1,0,1,expanded_only,Billboard country year-end supplement,,Billboard country year-end chart,,Billboard country year-end supplement,,1,low,low,medium,1,Added from Billboard country year-end chart; structured artist metadata unresolved in current run,betty foley 1,0,0,0,0,0,,,billboard_country_year_end_supplement,0,,,,,,,,
,Big & Rich featuring Tim McGraw,,,,,,,,,,,,,,,,,,,,,,0,,,,,,,Unknown,0,,0,1,0,1,0,1,expanded_only,Billboard country year-end supplement,,Billboard country year-end chart,,Billboard country year-end supplement,,1,low,low,medium,1,Added from Billboard country year-end chart; structured artist metadata unresolved in current run,big and rich featuring tim mcgraw,0,0,0,0,0,,,billboard_country_year_end_supplement,0,,,,,,,,
,BigXthaPlug featuring Bailey Zimmerman,,,,,,,,,,,,,,,,,,,,,,0,,,,,,,Unknown,0,,0,1,0,1,0,1,expanded_only,Billboard country year-end supplement,,Billboard country year-end chart,,Billboard country year-end supplement,,1,low,low,medium,1,Added from Billboard country year-end chart; structured artist metadata unresolved in current run,bigxthaplug featuring bailey zimmerman,0,0,0,0,0,,,billboard_country_year_end_supplement,0,,,,,,,,
,BigXthaPlug featuring Ella Langley,,,,,,,,,,,,,,,,,,,,,,0,,,,,,,Unknown,0,,0,1,0,1,0,1,expanded_only,Billboard country year-end supplement,,Billboard country year-end chart,,Billboard country year-end supplement,,1,low,low,medium,1,Added from Billboard country year-end chart; structured artist metadata unresolved in current run,bigxthaplug featuring ella langley,0,0,0,0,0,,,billboard_country_year_end_supplement,0,,,,,,,,
,Bill Leatherwood,,,,,,,,,,,,,,,,,,,,,,0,,,,,,,Unknown,0,,0,1,0,1,0,1,expanded_only,Billboard country year-end supplement,,Billboard country year-end chart,,Billboard country year-end supplement,,1,low,low,medium,1,Added from Billboard country year-end chart; structured artist metadata unresolved in current run,bill leatherwood,0,0,0,0,0,,,billboard_country_year_end_supplement,0,,,,,,,,
,Bob Wills and Tommy Duncan,,,,,,,,,,,,,,,,,,,,,,0,,,,,,,Unknown,0,,0,1,0,1,0,1,expanded_only,Billboard country year-end supplement,,Billboard country year-end chart,,Billboard country year-end supplement,,1,low,low,medium,1,Added from Billboard country year-end chart; structured artist metadata unresolved in current run,bob wills and tommy duncan,0,0,0,0,0,,,billboard_country_year_end_supplement,0,,,,,,,,
,"Bobby Bare and Bobby Bare, Jr.",,,,,,,,,,,,,,,,,,,,,,0,,,,,,,Unknown,0,,0,1,0,1,0,1,expanded_only,Billboard country year-end supplement,,Billboard country year-end chart,,Billboard country year-end supplement,,1,low,low,medium,1,Added from Billboard country year-end chart; structured artist metadata unresolved in current run,bobby bare and bobby bare jr,0,0,0,0,0,,,billboard_country_year_end_supplement,0,,,,,,,,
,Brantley Gilbert and Lindsay Ell,,,,,,,,,,,,,,,,,,,,,,0,,,,,,,Unknown,0,,0,1,0,1,0,1,expanded_only,Billboard country year-end supplement,,Billboard country year-end chart,,Billboard country year-end supplement,,1,low,low,medium,1,Added from Billboard country year-end chart; structured artist metadata unresolved in current run,brantley gilbert and lindsay ell,0,0,0,0,0,,,billboard_country_year_end_supplement,0,,,,,,,,
,Bud Logan and Wilma Burgess,,,,,,,,,,,,,,,,,,,,,,0,,,,,,,Unknown,0,,0,1,0,1,0,1,expanded_only,Billboard country year-end supplement,,Billboard country year-end chart,,Billboard country year-end supplement,,1,low,low,medium,1,Added from Billboard country year-end chart; structured artist metadata unresolved in current run,bud logan and wilma burgess,0,0,0,0,0,,,billboard_country_year_end_supplement,0,,,,,,,,
,Carly Pearce & Lee Brice,,,,,,,,,,,,,,,,,,,,,,0,,,,,,,Unknown,0,,0,1,0,1,0,1,expanded_only,Billboard country year-end supplement,,Billboard country year-end chart,,Billboard country year-end supplement,,1,low,low,medium,1,Added from Billboard country year-end chart; structured artist metadata unresolved in current run,carly pearce and lee brice,0,0,0,0,0,,,billboard_country_year_end_supplement,0,,,,,,,,
,Carly Pearce and Ashley McBryde,,,,,,,,,,,,,,,,,,,,,,0,,,,,,,Unknown,0,,0,1,0,1,0,1,expanded_only,Billboard country year-end supplement,,Billboard country year-end chart,,Billboard country year-end supplement,,1,low,low,medium,1,Added from Billboard country year-end chart; structured artist metadata unresolved in current run,carly pearce and ashley mcbryde,0,0,0,0,0,,,billboard_country_year_end_supplement,0,,,,,,,,
,Chris Young and Kane Brown,,,,,,,,,,,,,,,,,,,,,,0,,,,,,,Unknown,0,,0,1,0,1,0,1,expanded_only,Billboard country year-end supplement,,Billboard country year-end chart,,Billboard country year-end supplement,,1,low,low,medium,1,Added from Billboard country year-end chart; structured artist metadata unresolved in current run,chris young and kane brown,0,0,0,0,0,,,billboard_country_year_end_supplement,0,,,,,,,,
,Clyde Beavers,,,,,,,,,,,,,,,,,,,,,,0,,,,,,,Unknown,0,,0,1,0,1,0,1,expanded_only,Billboard country year-end supplement,,Billboard country year-end chart,,Billboard country year-end supplement,,1,low,low,medium,1,Added from Billboard country year-end chart; structured artist metadata unresolved in current run,clyde beavers,0,0,0,0,0,,,billboard_country_year_end_supplement,0,,,,,,,,
,Cody Johnson and Carrie Underwood,,,,,,,,,,,,,,,,,,,,,,0,,,,,,,Unknown,0,,0,1,0,1,0,1,expanded_only,Billboard country year-end supplement,,Billboard country year-end chart,,Billboard country year-end supplement,,1,low,low,medium,1,Added from Billboard country year-end chart; structured artist metadata unresolved in current run,cody johnson and carrie underwood,0,0,0,0,0,,,billboard_country_year_end_supplement,0,,,,,,,,
,Cole Swindell and Lainey Wilson,,,,,,,,,,,,,,,,,,,,,,0,,,,,,,Unknown,0,,0,1,0,1,0,1,expanded_only,Billboard country year-end supplement,,Billboard country year-end chart,,Billboard country year-end supplement,,1,low,low,medium,1,Added from Billboard country year-end chart; structured artist metadata unresolved in current run,cole swindell and lainey wilson,0,0,0,0,0,,,billboard_country_year_end_supplement,0,,,,,,,,
,David Lee Murphy & Kenny Chesney,,,,,,,,,,,,,,,,,,,,,,0,,,,,,,Unknown,0,,0,1,0,1,0,1,expanded_only,Billboard country year-end supplement,,Billboard country year-end chart,,Billboard country year-end supplement,,1,low,low,medium,1,Added from Billboard country year-end chart; structured artist metadata unresolved in current run,david lee murphy and kenny chesney,0,0,0,0,0,,,billboard_country_year_end_supplement,0,,,,,,,,
,Delmore Brothers,,,,,,,,,,,,,,,,,,,,,,0,,,,,,,Unknown,0,,0,1,0,1,0,1,expanded_only,Billboard country year-end supplement,,Billboard country year-end chart,,Billboard country year-end supplement,,1,low,low,medium,1,Added from Billboard country year-end chart; structured artist metadata unresolved in current run,delmore brothers,0,0,0,0,0,,,billboard_country_year_end_supplement,0,,,,,,,,
,"Diplo, Jessie Murph and Polo G",,,,,,,,,,,,,,,,,,,,,,0,,,,,,,Unknown,0,,0,1,0,1,0,1,expanded_only,Billboard country year-end supplement,,Billboard country year-end chart,,Billboard country year-end supplement,,1,low,low,medium,1,Added from Billboard country year-end chart; structured artist metadata unresolved in current run,diplo jessie murph and polo g,0,0,0,0,0,,,billboard_country_year_end_supplement,0,,,,,,,,
,"Eddy Arnold, Hugo Winterhalter",,,,,,,,,,,,,,,,,,,,,,0,,,,,,,Unknown,0,,0,1,0,1,0,1,expanded_only,Billboard country year-end supplement,,Billboard country year-end chart,,Billboard country year-end supplement,,1,low,low,medium,1,Added from Billboard country year-end chart; structured artist metadata unresolved in current run,eddy arnold hugo winterhalter,0,0,0,0,0,,,billboard_country_year_end_supplement,0,,,,,,,,
,Elle King & Miranda Lambert,,,,,,,,,,,,,,,,,,,,,,0,,,,,,,Unknown,0,,0,1,0,1,0,1,expanded_only,Billboard country year-end supplement,,Billboard country year-end chart,,Billboard country year-end supplement,,1,low,low,medium,1,Added from Billboard country year-end chart; structured artist metadata unresolved in current run,elle king and miranda lambert,0,0,0,0,0,,,billboard_country_year_end_supplement,0,,,,,,,,
,Elmer Snodgrass,,,,,,,,,,,,,,,,,,,,,,0,,,,,,,Unknown,0,,0,1,0,1,0,1,expanded_only,Billboard country year-end supplement,,Billboard country year-end chart,,Billboard country year-end supplement,,1,low,low,medium,1,Added from Billboard country year-end chart; structured artist metadata unresolved in current run,elmer snodgrass,0,0,0,0,0,,,billboard_country_year_end_supplement,0,,,,,,,,
,Ernest Tubb and Loretta Lynn,,,,,,,,,,,,,,,,,,,,,,0,,,,,,,Unknown,0,,0,1,0,1,0,1,expanded_only,Billboard country year-end supplement,,Billboard country year-end chart,,Billboard country year-end supplement,,1,low,low,medium,1,Added from Billboard country year-end chart; structured artist metadata unresolved in current run,ernest tubb and loretta lynn,0,0,0,0,0,,,billboard_country_year_end_supplement,0,,,,,,,,
,Ernest Tubb and The Wilburn Brothers,,,,,,,,,,,,,,,,,,,,,,0,,,,,,,Unknown,0,,0,1,0,1,0,1,expanded_only,Billboard country year-end supplement,,Billboard country year-end chart,,Billboard country year-end supplement,,1,low,low,medium,1,Added from Billboard country year-end chart; structured artist metadata unresolved in current run,ernest tubb and the wilburn brothers,0,0,0,0,0,,,billboard_country_year_end_supplement,0,,,,,,,,
,Everly Brothers,,,,,,,,,,,,,,,,,,,,,,0,,,,,,,Unknown,0,,0,1,0,1,0,1,expanded_only,Billboard country year-end supplement,,Billboard country year-end chart,,Billboard country year-end supplement,,1,low,low,medium,1,Added from Billboard country year-end chart; structured artist metadata unresolved in current run,everly brothers,0,0,0,0,0,,,billboard_country_year_end_supplement,0,,,,,,,,
,Faron Young and Margie Singleton,,,,,,,,,,,,,,,,,,,,,,0,,,,,,,Unknown,0,,0,1,0,1,0,1,expanded_only,Billboard country year-end supplement,,Billboard country year-end chart,,Billboard country year-end supplement,,1,low,low,medium,1,Added from Billboard country year-end chart; structured artist metadata unresolved in current run,faron young and margie singleton,0,0,0,0,0,,,billboard_country_year_end_supplement,0,,,,,,,,
,Garth Brooks & Huey Lewis,,,,,,,,,,,,,,,,,,,,,,0,,,,,,,Unknown,0,,0,1,0,1,0,1,expanded_only,Billboard country year-end supplement,,Billboard country year-end chart,,Billboard country year-end supplement,,1,low,low,medium,1,Added from Billboard country year-end chart; structured artist metadata unresolved in current run,garth brooks and huey lewis,0,0,0,0,0,,,billboard_country_year_end_supplement,0,,,,,,,,
,Garth Brooks and Blake Shelton,,,,,,,,,,,,,,,,,,,,,,0,,,,,,,Unknown,0,,0,1,0,1,0,1,expanded_only,Billboard country year-end supplement,,Billboard country year-end chart,,Billboard country year-end supplement,,1,low,low,medium,1,Added from Billboard country year-end chart; structured artist metadata unresolved in current run,garth brooks and blake shelton,0,0,0,0,0,,,billboard_country_year_end_supplement,0,,,,,,,,
,Gene Autry and the Pinafores,,,,,,,,,,,,,,,,,,,,,,0,,,,,,,Unknown,0,,0,1,0,1,0,1,expanded_only,Billboard country year-end supplement,,Billboard country year-end chart,,Billboard country year-end supplement,,1,low,low,medium,1,Added from Billboard country year-end chart; structured artist metadata unresolved in current run,gene autry and the pinafores,0,0,0,0,0,,,billboard_country_year_end_supplement,0,,,,,,,,
,Gene Woods,,,,,,,,,,,,,,,,,,,,,,0,,,,,,,Unknown,0,,0,1,0,1,0,1,expanded_only,Billboard country year-end supplement,,Billboard country year-end chart,,Billboard country year-end supplement,,1,low,low,medium,1,Added from Billboard country year-end chart; structured artist metadata unresolved in current run,gene woods,0,0,0,0,0,,,billboard_country_year_end_supplement,0,,,,,,,,
,"Ginny Wright, Jim Reeves",,,,,,,,,,,,,,,,,,,,,,0,,,,,,,Unknown,0,,0,1,0,1,0,1,expanded_only,Billboard country year-end supplement,,Billboard country year-end chart,,Billboard country year-end supplement,,1,low,low,medium,1,Added from Billboard country year-end chart; structured artist metadata unresolved in current run,ginny wright jim reeves,0,0,0,0,0,,,billboard_country_year_end_supplement,0,,,,,,,,
,"Ginny Wright, Tom Tall",,,,,,,,,,,,,,,,,,,,,,0,,,,,,,Unknown,0,,0,1,0,1,0,1,expanded_only,Billboard country year-end supplement,,Billboard country year-end chart,,Billboard country year-end supplement,,1,low,low,medium,1,Added from Billboard country year-end chart; structured artist metadata unresolved in current run,ginny wright tom tall,0,0,0,0,0,,,billboard_country_year_end_supplement,0,,,,,,,,
,"Goldie Hill, Justin Tubb",,,,,,,,,,,,,,,,,,,,,,0,,,,,,,Unknown,0,,0,1,0,1,0,1,expanded_only,Billboard country year-end supplement,,Billboard country year-end chart,,Billboard country year-end supplement,,1,low,low,medium,1,Added from Billboard country year-end chart; structured artist metadata unresolved in current run,goldie hill justin tubb,0,0,0,0,0,,,billboard_country_year_end_supplement,0,,,,,,,,
,Hoosier Hot Shots and Two Ton Baker,,,,,,,,,,,,,,,,,,,,,,0,,,,,,,Unknown,0,,0,1,0,1,0,1,expanded_only,Billboard country year-end supplement,,Billboard country year-end chart,,Billboard country year-end supplement,,1,low,low,medium,1,Added from Billboard country year-end chart; structured artist metadata unresolved in current run,hoosier hot shots and two ton baker,0,0,0,0,0,,,billboard_country_year_end_supplement,0,,,,,,,,
,Hoyt Axton and Renee Armand,,,,,,,,,,,,,,,,,,,,,,0,,,,,,,Unknown,0,,0,1,0,1,0,1,expanded_only,Billboard country year-end supplement,,Billboard country year-end chart,,Billboard country year-end supplement,,1,low,low,medium,1,Added from Billboard country year-end chart; structured artist metadata unresolved in current run,hoyt axton and renee armand,0,0,0,0,0,,,billboard_country_year_end_supplement,0,,,,,,,,
,J. Work,,,,,,,,,,,,,,,,,,,,,,0,,,,,,,Unknown,0,,0,1,0,1,0,1,expanded_only,Billboard country year-end supplement,,Billboard country year-end chart,,Billboard country year-end supplement,,1,low,low,medium,1,Added from Billboard country year-end chart; structured artist metadata unresolved in current run,j work,0,0,0,0,0,,,billboard_country_year_end_supplement,0,,,,,,,,
,Jason Aldean & Carrie Underwood,,,,,,,,,,,,,,,,,,,,,,0,,,,,,,Unknown,0,,0,1,0,1,0,1,expanded_only,Billboard country year-end supplement,,Billboard country year-end chart,,Billboard country year-end supplement,,1,low,low,medium,1,Added from Billboard country year-end chart; structured artist metadata unresolved in current run,jason aldean and carrie underwood,0,0,0,0,0,,,billboard_country_year_end_supplement,0,,,,,,,,
,"Jean Shepard, Ferlin Husky",,,,,,,,,,,,,,,,,,,,,,0,,,,,,,Unknown,0,,0,1,0,1,0,1,expanded_only,Billboard country year-end supplement,,Billboard country year-end chart,,Billboard country year-end supplement,,1,low,low,medium,1,Added from Billboard country year-end chart; structured artist metadata unresolved in current run,jean shepard ferlin husky,0,0,0,0,0,,,billboard_country_year_end_supplement,0,,,,,,,,
,Jim Brickman with Michelle Wright,,,,,,,,,,,,,,,,,,,,,,0,,,,,,,Unknown,0,,0,1,0,1,0,1,expanded_only,Billboard country year-end supplement,,Billboard country year-end chart,,Billboard country year-end supplement,,1,low,low,medium,1,Added from Billboard country year-end chart; structured artist metadata unresolved in current run,jim brickman with michelle wright,0,0,0,0,0,,,billboard_country_year_end_supplement,0,,,,,,,,
,Jim Reeves and Dottie West,,,,,,,,,,,,,,,,,,,,,,0,,,,,,,Unknown,0,,0,1,0,1,0,1,expanded_only,Billboard country year-end supplement,,Billboard country year-end chart,,Billboard country year-end supplement,,1,low,low,medium,1,Added from Billboard country year-end chart; structured artist metadata unresolved in current run,jim reeves and dottie west,0,0,0,0,0,,,billboard_country_year_end_supplement,0,,,,,,,,
,Jimmie Allen & Brad Paisley,,,,,,,,,,,,,,,,,,,,,,0,,,,,,,Unknown,0,,0,1,0,1,0,1,expanded_only,Billboard country year-end supplement,,Billboard country year-end chart,,Billboard country year-end supplement,,1,low,low,medium,1,Added from Billboard country year-end chart; structured artist metadata unresolved in current run,jimmie allen and brad paisley,0,0,0,0,0,,,billboard_country_year_end_supplement,0,,,,,,,,
,Jimmy Newman,,,,,,,,,,,,,,,,,,,,,,0,,,,,,,Unknown,0,,0,1,0,1,0,1,expanded_only,Billboard country year-end supplement,,Billboard country year-end chart,,Billboard country year-end supplement,,1,low,low,medium,1,Added from Billboard country year-end chart; structured artist metadata unresolved in current run,jimmy newman,0,0,0,0,0,,,billboard_country_year_end_supplement,0,,,,,,,,
,Jimmy Smart,,,,,,,,,,,,,,,,,,,,,,0,,,,,,,Unknown,0,,0,1,0,1,0,1,expanded_only,Billboard country year-end supplement,,Billboard country year-end chart,,Billboard country year-end supplement,,1,low,low,medium,1,Added from Billboard country year-end chart; structured artist metadata unresolved in current run,jimmy smart,0,0,0,0,0,,,billboard_country_year_end_supplement,0,,,,,,,,
,Kane Brown & Blackbear,,,,,,,,,,,,,,,,,,,,,,0,,,,,,,Unknown,0,,0,1,0,1,0,1,expanded_only,Billboard country year-end supplement,,Billboard country year-end chart,,Billboard country year-end supplement,,1,low,low,medium,1,Added from Billboard country year-end chart; structured artist metadata unresolved in current run,kane brown and blackbear,0,0,0,0,0,,,billboard_country_year_end_supplement,0,,,,,,,,
,Kane Brown & John Legend,,,,,,,,,,,,,,,,,,,,,,0,,,,,,,Unknown,0,,0,1,0,1,0,1,expanded_only,Billboard country year-end supplement,,Billboard country year-end chart,,Billboard country year-end supplement,,1,low,low,medium,1,Added from Billboard country year-end chart; structured artist metadata unresolved in current run,kane brown and john legend,0,0,0,0,0,,,billboard_country_year_end_supplement,0,,,,,,,,
,Keith Urban and Miranda Lambert,,,,,,,,,,,,,,,,,,,,,,0,,,,,,,Unknown,0,,0,1,0,1,0,1,expanded_only,Billboard country year-end supplement,,Billboard country year-end chart,,Billboard country year-end supplement,,1,low,low,medium,1,Added from Billboard country year-end chart; structured artist metadata unresolved in current run,keith urban and miranda lambert,0,0,0,0,0,,,billboard_country_year_end_supplement,0,,,,,,,,
,Keith Whitley & Earl Thomas Conley,,,,,,,,,,,,,,,,,,,,,,0,,,,,,,Unknown,0,,0,1,0,1,0,1,expanded_only,Billboard country year-end supplement,,Billboard country year-end chart,,Billboard country year-end supplement,,1,low,low,medium,1,Added from Billboard country year-end chart; structured artist metadata unresolved in current run,keith whitley and earl thomas conley,0,0,0,0,0,,,billboard_country_year_end_supplement,0,,,,,,,,
,Kenny Chesney and Tim McGraw,,,,,,,,,,,,,,,,,,,,,,0,,,,,,,Unknown,0,,0,1,0,1,0,1,expanded_only,Billboard country year-end supplement,,Billboard country year-end chart,,Billboard country year-end supplement,,1,low,low,medium,1,Added from Billboard country year-end chart; structured artist metadata unresolved in current run,kenny chesney and tim mcgraw,0,0,0,0,0,,,billboard_country_year_end_supplement,0,,,,,,,,
,Kitty Wells and Webb Pierce,,,,,,,,,,,,,,,,,,,,,,0,,,,,,,Unknown,0,,0,1,0,1,0,1,expanded_only,Billboard country year-end supplement,,Billboard country year-end chart,,Billboard country year-end supplement,,1,low,low,medium,1,Added from Billboard country year-end chart; structured artist metadata unresolved in current run,kitty wells and webb pierce,0,0,0,0,0,,,billboard_country_year_end_supplement,0,,,,,,,,
,"Kitty Wells, Webb Pierce",,,,,,,,,,,,,,,,,,,,,,0,,,,,,,Unknown,0,,0,1,0,1,0,1,expanded_only,Billboard country year-end supplement,,Billboard country year-end chart,,Billboard country year-end supplement,,1,low,low,medium,1,Added from Billboard country year-end chart; structured artist metadata unresolved in current run,kitty wells webb pierce,0,0,0,0,0,,,billboard_country_year_end_supplement,0,,,,,,,,
,Koe Wetzel and Jessie Murph,,,,,,,,,,,,,,,,,,,,,,0,,,,,,,Unknown,0,,0,1,0,1,0,1,expanded_only,Billboard country year-end supplement,,Billboard country year-end chart,,Billboard country year-end supplement,,1,low,low,medium,1,Added from Billboard country year-end chart; structured artist metadata unresolved in current run,koe wetzel and jessie murph,0,0,0,0,0,,,billboard_country_year_end_supplement,0,,,,,,,,
,LaCosta,,,,,,,,,,,,,,,,,,,,,,0,,,,,,,Unknown,0,,0,1,0,1,0,1,expanded_only,Billboard country year-end supplement,,Billboard country year-end chart,,Billboard country year-end supplement,,1,low,low,medium,1,Added from Billboard country year-end chart; structured artist metadata unresolved in current run,lacosta,0,0,0,0,0,,,billboard_country_year_end_supplement,0,,,,,,,,
,Laverne Downs,,,,,,,,,,,,,,,,,,,,,,0,,,,,,,Unknown,0,,0,1,0,1,0,1,expanded_only,Billboard country year-end supplement,,Billboard country year-end chart,,Billboard country year-end supplement,,1,low,low,medium,1,Added from Billboard country year-end chart; structured artist metadata unresolved in current run,laverne downs,0,0,0,0,0,,,billboard_country_year_end_supplement,0,,,,,,,,
,Lee Greenwood & Suzy Bogguss,,,,,,,,,,,,,,,,,,,,,,0,,,,,,,Unknown,0,,0,1,0,1,0,1,expanded_only,Billboard country year-end supplement,,Billboard country year-end chart,,Billboard country year-end supplement,,1,low,low,medium,1,Added from Billboard country year-end chart; structured artist metadata unresolved in current run,lee greenwood and suzy bogguss,0,0,0,0,0,,,billboard_country_year_end_supplement,0,,,,,,,,
,Lil Nas X featuring Billy Ray Cyrus,,,,,,,,,,,,,,,,,,,,,,0,,,,,,,Unknown,0,,0,1,0,1,0,1,expanded_only,Billboard country year-end supplement,,Billboard country year-end chart,,Billboard country year-end supplement,,1,low,low,medium,1,Added from Billboard country year-end chart; structured artist metadata unresolved in current run,lil nas x featuring billy ray cyrus,0,0,0,0,0,,,billboard_country_year_end_supplement,0,,,,,,,,
,Lonnie Irving,,,,,,,,,,,,,,,,,,,,,,0,,,,,,,Unknown,0,,0,1,0,1,0,1,expanded_only,Billboard country year-end supplement,,Billboard country year-end chart,,Billboard country year-end supplement,,1,low,low,medium,1,Added from Billboard country year-end chart; structured artist metadata unresolved in current run,lonnie irving,0,0,0,0,0,,,billboard_country_year_end_supplement,0,,,,,,,,
,Louise Massey and the Westerners,,,,,,,,,,,,,,,,,,,,,,0,,,,,,,Unknown,0,,0,1,0,1,0,1,expanded_only,Billboard country year-end supplement,,Billboard country year-end chart,,Billboard country year-end supplement,,1,low,low,medium,1,Added from Billboard country year-end chart; structured artist metadata unresolved in current run,louise massey and the westerners,0,0,0,0,0,,,billboard_country_year_end_supplement,0,,,,,,,,
,Louvin Brothers,,,,,,,,,,,,,,,,,,,,,,0,,,,,,,Unknown,0,,0,1,0,1,0,1,expanded_only,Billboard country year-end supplement,,Billboard country year-end chart,,Billboard country year-end supplement,,1,low,low,medium,1,Added from Billboard country year-end chart; structured artist metadata unresolved in current run,louvin brothers,0,0,0,0,0,,,billboard_country_year_end_supplement,0,,,,,,,,
,Luke Gordon,,,,,,,,,,,,,,,,,,,,,,0,,,,,,,Unknown,0,,0,1,0,1,0,1,expanded_only,Billboard country year-end supplement,,Billboard country year-end chart,,Billboard country year-end supplement,,1,low,low,medium,1,Added from Billboard country year-end chart; structured artist metadata unresolved in current run,luke gordon,0,0,0,0,0,,,billboard_country_year_end_supplement,0,,,,,,,,
,"M. Lorrie, B. DeVal",,,,,,,,,,,,,,,,,,,,,,0,,,,,,,Unknown,0,,0,1,0,1,0,1,expanded_only,Billboard country year-end supplement,,Billboard country year-end chart,,Billboard country year-end supplement,,1,low,low,medium,1,Added from Billboard country year-end chart; structured artist metadata unresolved in current run,m lorrie b deval,0,0,0,0,0,,,billboard_country_year_end_supplement,0,,,,,,,,
,Mark O'Connor and the New Nashville Cats,,,,,,,,,,,,,,,,,,,,,,0,,,,,,,Unknown,0,,0,1,0,1,0,1,expanded_only,Billboard country year-end supplement,,Billboard country year-end chart,,Billboard country year-end supplement,,1,low,low,medium,1,Added from Billboard country year-end chart; structured artist metadata unresolved in current run,mark o connor and the new nashville cats,0,0,0,0,0,,,billboard_country_year_end_supplement,0,,,,,,,,
,Mel Tillis and Sherry Bryce,,,,,,,,,,,,,,,,,,,,,,0,,,,,,,Unknown,0,,0,1,0,1,0,1,expanded_only,Billboard country year-end supplement,,Billboard country year-end chart,,Billboard country year-end supplement,,1,low,low,medium,1,Added from Billboard country year-end chart; structured artist metadata unresolved in current run,mel tillis and sherry bryce,0,0,0,0,0,,,billboard_country_year_end_supplement,0,,,,,,,,
,Moneybagg Yo featuring Morgan Wallen,,,,,,,,,,,,,,,,,,,,,,0,,,,,,,Unknown,0,,0,1,0,1,0,1,expanded_only,Billboard country year-end supplement,,Billboard country year-end chart,,Billboard country year-end supplement,,1,low,low,medium,1,Added from Billboard country year-end chart; structured artist metadata unresolved in current run,moneybagg yo featuring morgan wallen,0,0,0,0,0,,,billboard_country_year_end_supplement,0,,,,,,,,
,Moon Mullican and The Showboys,,,,,,,,,,,,,,,,,,,,,,0,,,,,,,Unknown,0,,0,1,0,1,0,1,expanded_only,Billboard country year-end supplement,,Billboard country year-end chart,,Billboard country year-end supplement,,1,low,low,medium,1,Added from Billboard country year-end chart; structured artist metadata unresolved in current run,moon mullican and the showboys,0,0,0,0,0,,,billboard_country_year_end_supplement,0,,,,,,,,
,Nelly & Florida Georgia Line,,,,,,,,,,,,,,,,,,,,,,0,,,,,,,Unknown,0,,0,1,0,1,0,1,expanded_only,Billboard country year-end supplement,,Billboard country year-end chart,,Billboard country year-end supplement,,1,low,low,medium,1,Added from Billboard country year-end chart; structured artist metadata unresolved in current run,nelly and florida georgia line,0,0,0,0,0,,,billboard_country_year_end_supplement,0,,,,,,,,
,Osborne Brothers and Red Allen,,,,,,,,,,,,,,,,,,,,,,0,,,,,,,Unknown,0,,0,1,0,1,0,1,expanded_only,Billboard country year-end supplement,,Billboard country year-end chart,,Billboard country year-end supplement,,1,low,low,medium,1,Added from Billboard country year-end chart; structured artist metadata unresolved in current run,osborne brothers and red allen,0,0,0,0,0,,,billboard_country_year_end_supplement,0,,,,,,,,
,Parmalee & Blanco Brown,,,,,,,,,,,,,,,,,,,,,,0,,,,,,,Unknown,0,,0,1,0,1,0,1,expanded_only,Billboard country year-end supplement,,Billboard country year-end chart,,Billboard country year-end supplement,,1,low,low,medium,1,Added from Billboard country year-end chart; structured artist metadata unresolved in current run,parmalee and blanco brown,0,0,0,0,0,,,billboard_country_year_end_supplement,0,,,,,,,,
,Pee Wee King and His Golden West Cowboys,,,,,,,,,,,,,,,,,,,,,,0,,,,,,,Unknown,0,,0,1,0,1,0,1,expanded_only,Billboard country year-end supplement,,Billboard country year-end chart,,Billboard country year-end supplement,,1,low,low,medium,1,Added from Billboard country year-end chart; structured artist metadata unresolved in current run,pee wee king and his golden west cowboys,0,0,0,0,0,,,billboard_country_year_end_supplement,0,,,,,,,,
,Pentatonix featuring Dolly Parton,,,,,,,,,,,,,,,,,,,,,,0,,,,,,,Unknown,0,,0,1,0,1,0,1,expanded_only,Billboard country year-end supplement,,Billboard country year-end chart,,Billboard country year-end supplement,,1,low,low,medium,1,Added from Billboard country year-end chart; structured artist metadata unresolved in current run,pentatonix featuring dolly parton,0,0,0,0,0,,,billboard_country_year_end_supplement,0,,,,,,,,
,Perez Prado,,,,,,,,,,,,,,,,,,,,,,0,,,,,,,Unknown,0,,0,1,0,1,0,1,expanded_only,Billboard country year-end supplement,,Billboard country year-end chart,,Billboard country year-end supplement,,1,low,low,medium,1,Added from Billboard country year-end chart; structured artist metadata unresolved in current run,perez prado,0,0,0,0,0,,,billboard_country_year_end_supplement,0,,,,,,,,
,Pinetoppers,,,,,,,,,,,,,,,,,,,,,,0,,,,,,,Unknown,0,,0,1,0,1,0,1,expanded_only,Billboard country year-end supplement,,Billboard country year-end chart,,Billboard country year-end supplement,,1,low,low,medium,1,Added from Billboard country year-end chart; structured artist metadata unresolved in current run,pinetoppers,0,0,0,0,0,,,billboard_country_year_end_supplement,0,,,,,,,,
,RCA Victor,,,,,,,,,,,,,,,,,,,,,,0,,,,,,,Unknown,0,,0,1,0,1,0,1,expanded_only,Billboard country year-end supplement,,Billboard country year-end chart,,Billboard country year-end supplement,,1,low,low,medium,1,Added from Billboard country year-end chart; structured artist metadata unresolved in current run,rca victor,0,0,0,0,0,,,billboard_country_year_end_supplement,0,,,,,,,,
,Ray Godfrey,,,,,,,,,,,,,,,,,,,,,,0,,,,,,,Unknown,0,,0,1,0,1,0,1,expanded_only,Billboard country year-end supplement,,Billboard country year-end chart,,Billboard country year-end supplement,,1,low,low,medium,1,Added from Billboard country year-end chart; structured artist metadata unresolved in current run,ray godfrey,0,0,0,0,0,,,billboard_country_year_end_supplement,0,,,,,,,,
,Red & Betty Foley,,,,,,,,,,,,,,,,,,,,,,0,,,,,,,Unknown,0,,0,1,0,1,0,1,expanded_only,Billboard country year-end supplement,,Billboard country year-end chart,,Billboard country year-end supplement,,1,low,low,medium,1,Added from Billboard country year-end chart; structured artist metadata unresolved in current run,red and betty foley,0,0,0,0,0,,,billboard_country_year_end_supplement,0,,,,,,,,
,Red Ingle and The Natural Seven vocal by Cinderella G Stump,,,,,,,,,,,,,,,,,,,,,,0,,,,,,,Unknown,0,,0,1,0,1,0,1,expanded_only,Billboard country year-end supplement,,Billboard country year-end chart,,Billboard country year-end supplement,,1,low,low,medium,1,Added from Billboard country year-end chart; structured artist metadata unresolved in current run,red ingle and the natural seven vocal by cinderella g stump,0,0,0,0,0,,,billboard_country_year_end_supplement,0,,,,,,,,
,Sugarland featuring Taylor Swift,,,,,,,,,,,,,,,,,,,,,,0,,,,,,,Unknown,0,,0,1,0,1,0,1,expanded_only,Billboard country year-end supplement,,Billboard country year-end chart,,Billboard country year-end supplement,,1,low,low,medium,1,Added from Billboard country year-end chart; structured artist metadata unresolved in current run,sugarland featuring taylor swift,0,0,0,0,0,,,billboard_country_year_end_supplement,0,,,,,,,,
,Ted Self,,,,,,,,,,,,,,,,,,,,,,0,,,,,,,Unknown,0,,0,1,0,1,0,1,expanded_only,Billboard country year-end supplement,,Billboard country year-end chart,,Billboard country year-end supplement,,1,low,low,medium,1,Added from Billboard country year-end chart; structured artist metadata unresolved in current run,ted self,0,0,0,0,0,,,billboard_country_year_end_supplement,0,,,,,,,,
,"Tennessee Ernie Ford, Kay Starr",,,,,,,,,,,,,,,,,,,,,,0,,,,,,,Unknown,0,,0,1,0,1,0,1,expanded_only,Billboard country year-end supplement,,Billboard country year-end chart,,Billboard country year-end supplement,,1,low,low,medium,1,Added from Billboard country year-end chart; structured artist metadata unresolved in current run,tennessee ernie ford kay starr,0,0,0,0,0,,,billboard_country_year_end_supplement,0,,,,,,,,
,The Carlisles,,,,,,,,,,,,,,,,,,,,,,0,,,,,,,Unknown,0,,0,1,0,1,0,1,expanded_only,Billboard country year-end supplement,,Billboard country year-end chart,,Billboard country year-end supplement,,1,low,low,medium,1,Added from Billboard country year-end chart; structured artist metadata unresolved in current run,the carlisles,0,0,0,0,0,,,billboard_country_year_end_supplement,0,,,,,,,,
,The Hoosier Hot Shots and Two Ton Baker,,,,,,,,,,,,,,,,,,,,,,0,,,,,,,Unknown,0,,0,1,0,1,0,1,expanded_only,Billboard country year-end supplement,,Billboard country year-end chart,,Billboard country year-end supplement,,1,low,low,medium,1,Added from Billboard country year-end chart; structured artist metadata unresolved in current run,the hoosier hot shots and two ton baker,0,0,0,0,0,,,billboard_country_year_end_supplement,0,,,,,,,,
,Tim McGraw & Tyler Hubbard,,,,,,,,,,,,,,,,,,,,,,0,,,,,,,Unknown,0,,0,1,0,1,0,1,expanded_only,Billboard country year-end supplement,,Billboard country year-end chart,,Billboard country year-end supplement,,1,low,low,medium,1,Added from Billboard country year-end chart; structured artist metadata unresolved in current run,tim mcgraw and tyler hubbard,0,0,0,0,0,,,billboard_country_year_end_supplement,0,,,,,,,,
,Tim McGraw and Faith Hill,,,,,,,,,,,,,,,,,,,,,,0,,,,,,,Unknown,0,,0,1,0,1,0,1,expanded_only,Billboard country year-end supplement,,Billboard country year-end chart,,Billboard country year-end supplement,,1,low,low,medium,1,Added from Billboard country year-end chart; structured artist metadata unresolved in current run,tim mcgraw and faith hill,0,0,0,0,0,,,billboard_country_year_end_supplement,0,,,,,,,,
,Vaughn Monroe and His Orchestra,,,,,,,,,,,,,,,,,,,,,,0,,,,,,,Unknown,0,,0,1,0,1,0,1,expanded_only,Billboard country year-end supplement,,Billboard country year-end chart,,Billboard country year-end supplement,,1,low,low,medium,1,Added from Billboard country year-end chart; structured artist metadata unresolved in current run,vaughn monroe and his orchestra,0,0,0,0,0,,,billboard_country_year_end_supplement,0,,,,,,,,
,Webb Pierce and Kitty Wells,,,,,,,,,,,,,,,,,,,,,,0,,,,,,,Unknown,0,,0,1,0,1,0,1,expanded_only,Billboard country year-end supplement,,Billboard country year-end chart,,Billboard country year-end supplement,,1,low,low,medium,1,Added from Billboard country year-end chart; structured artist metadata unresolved in current run,webb pierce and kitty wells,0,0,0,0,0,,,billboard_country_year_end_supplement,0,,,,,,,,
,Wilburn Brothers,,,,,,,,,,,,,,,,,,,,,,0,,,,,,,Unknown,0,,0,1,0,1,0,1,expanded_only,Billboard country year-end supplement,,Billboard country year-end chart,,Billboard country year-end supplement,,1,low,low,medium,1,Added from Billboard country year-end chart; structured artist metadata unresolved in current run,wilburn brothers,0,0,0,0,0,,,billboard_country_year_end_supplement,0,,,,,,,,
,Willie Nelson and Tracy Nelson,,,,,,,,,,,,,,,,,,,,,,0,,,,,,,Unknown,0,,0,1,0,1,0,1,expanded_only,Billboard country year-end supplement,,Billboard country year-end chart,,Billboard country year-end supplement,,1,low,low,medium,1,Added from Billboard country year-end chart; structured artist metadata unresolved in current run,willie nelson and tracy nelson,0,0,0,0,0,,,billboard_country_year_end_supplement,0,,,,,,,,
,Willis Brothers,,,,,,,,,,,,,,,,,,,,,,0,,,,,,,Unknown,0,,0,1,0,1,0,1,expanded_only,Billboard country year-end supplement,,Billboard country year-end chart,,Billboard country year-end supplement,,1,low,low,medium,1,Added from Billboard country year-end chart; structured artist metadata unresolved in current run,willis brothers,0,0,0,0,0,,,billboard_country_year_end_supplement,0,,,,,,,,
,Zach Bryan featuring Bon Iver,,,,,,,,,,,,,,,,,,,,,,0,,,,,,,Unknown,0,,0,1,0,1,0,1,expanded_only,Billboard country year-end supplement,,Billboard country year-end chart,,Billboard country year-end supplement,,1,low,low,medium,1,Added from Billboard country year-end chart; structured artist metadata unresolved in current run,zach bryan featuring bon iver,0,0,0,0,0,,,billboard_country_year_end_supplement,0,,,,,,,,
,Zach Bryan featuring Kacey Musgraves,,,,,,,,,,,,,,,,,,,,,,0,,,,,,,Unknown,0,,0,1,0,1,0,1,expanded_only,Billboard country year-end supplement,,Billboard country year-end chart,,Billboard country year-end supplement,,1,low,low,medium,1,Added from Billboard country year-end chart; structured artist metadata unresolved in current run,zach bryan featuring kacey musgraves,0,0,0,0,0,,,billboard_country_year_end_supplement,0,,,,,,,,
,Zach Bryan featuring Maggie Rogers,,,,,,,,,,,,,,,,,,,,,,0,,,,,,,Unknown,0,,0,1,0,1,0,1,expanded_only,Billboard country year-end supplement,,Billboard country year-end chart,,Billboard country year-end supplement,,1,low,low,medium,1,Added from Billboard country year-end chart; structured artist metadata unresolved in current run,zach bryan featuring maggie rogers,0,0,0,0,0,,,billboard_country_year_end_supplement,0,,,,,,,,
,Zach Bryan featuring Noah Kahan,,,,,,,,,,,,,,,,,,,,,,0,,,,,,,Unknown,0,,0,1,0,1,0,1,expanded_only,Billboard country year-end supplement,,Billboard country year-end chart,,Billboard country year-end supplement,,1,low,low,medium,1,Added from Billboard country year-end chart; structured artist metadata unresolved in current run,zach bryan featuring noah kahan,0,0,0,0,0,,,billboard_country_year_end_supplement,0,,,,,,,,
,Zach Bryan featuring Sierra Ferrell,,,,,,,,,,,,,,,,,,,,,,0,,,,,,,Unknown,0,,0,1,0,1,0,1,expanded_only,Billboard country year-end supplement,,Billboard country year-end chart,,Billboard country year-end supplement,,1,low,low,medium,1,Added from Billboard country year-end chart; structured artist metadata unresolved in current run,zach bryan featuring sierra ferrell,0,0,0,0,0,,,billboard_country_year_end_supplement,0,,,,,,,,
,Zach Bryan featuring The Lumineers,,,,,,,,,,,,,,,,,,,,,,0,,,,,,,Unknown,0,,0,1,0,1,0,1,expanded_only,Billboard country year-end supplement,,Billboard country year-end chart,,Billboard country year-end supplement,,1,low,low,medium,1,Added from Billboard country year-end chart; structured artist metadata unresolved in current run,zach bryan featuring the lumineers,0,0,0,0,0,,,billboard_country_year_end_supplement,0,,,,,,,,
,Zach Bryan featuring The War and Treaty,,,,,,,,,,,,,,,,,,,,,,0,,,,,,,Unknown,0,,0,1,0,1,0,1,expanded_only,Billboard country year-end supplement,,Billboard country year-end chart,,Billboard country year-end supplement,,1,low,low,medium,1,Added from Billboard country year-end chart; structured artist metadata unresolved in current run,zach bryan featuring the war and treaty,0,0,0,0,0,,,billboard_country_year_end_supplement,0,,,,,,,,
